Chetan , chetankolte56@gmail.com : 3 ,
Anushree , anushreekhopkar@gmail.com : 1 ,
Monali , monalidhake@gmail.com : 2 ,
dhanesh , dhaneshkatre@gmail.com : 1 ,
viraj , virajkhedekar@gmail.com : 2 ,
nikita , nikitagaikwad@gmail.com : 3 ,
Bahubali , bahubali@gmail.com : 1 ,
devsena , devsena@hotmail.com : 2 ,
kattapa , kattapa@gmail.com : 3 ,
rajnikanth , gmail@rajnikanth.com : 3 ,
Barack , logadmirekartehai@yahoo.com : 3 ,
Trump , grabthembybleep@whitehouse.gov.us : 1 ,
JonSnow , iknownothing@mailbhinaipata.com : 2 ,
NarendraModi , narendramodi@mitron.com : 1 ,
aditya , aditya@gmail.com : 1 ,
Virat , viratkohli@gmail.com : 1 ,
mahendra , dhoni@gmail.com : 2 ,
sakshi , dhoni112@gmail.com : 1 ,
mohit , mohit@gmail.com : 3 ,
chauhan , chauhan@gmail.com : 1 ,
aditi , aditi@yahoo.com : 1 ,
kedar , kedargaikwad@gmail.com : 2 ,
harsh , khandelwalhanyaa@rediffmail.com : 1 ,
bablu , bablu@gmail.com : 3 ,
dushyant , dushyant@gmail.com : 1 ,
sanket , laddhasanket98@gmail.com : 1 ,
mayur , mayurkurup@gmail.com : 2 ,
kuckian , kuckian@gmail.com : 2 ,
Heena , himadripatil@gmail.com : 3 ,
Shraddha , gite@github.com : 3 ,
Asha , ajeet@yahoo.in : 1 ,
jaee , jaeedesai@gmail.com : 1 ,
purva , purvasohani@gmail.com : 2 ,
Monika , chanasingh@gmail.com : 3 ,
paresh , pareshdhake@gmail.com : 1 ,
kunal , kunalpalwe@gmail.com : 3 ,
Abhijeet , abhijeetzope@gmail.com : 3 ,
